Component,Threshold,Cutoff,Status
Circle,3,7.012499999999999,Clean
Figure,2,7.012499999999999,Clean
Square,3,7.012499999999999,Clean
UnitTest1,6,7.012499999999999,Clean
