Component,Threshold,Cutoff,Status
Colectivo,3,7.2857142857142865,Clean
Program,2,7.2857142857142865,Clean
Tarjeta,7,7.2857142857142865,Clean
Viaje,3,7.2857142857142865,Clean
