Component,Threshold,Cutoff,Status
Program,2,8.941342937998456,Clean
Day01Solution,7,8.941342937998456,Clean
DirectionEnum,1,8.941342937998456,Clean
Day02Solution,5,8.941342937998456,Clean
Day03Solution,5,8.941342937998456,Clean
Day06Solution,5,8.941342937998456,Clean
Day05Solution,6,8.941342937998456,Clean
Day04Solution,5,8.941342937998456,Clean
Day10Solution,1,8.941342937998456,Clean
Day09Solution,1,8.941342937998456,Clean
Day08Solution,7,8.941342937998456,Clean
Day07Solution,5,8.941342937998456,Clean
Tester,6,8.941342937998456,Clean
